{
	"BUILD_DIR" : "C:/Users/home/CLionProjects/L5_Teambcc/cmake-build-debug/L5_Teambcc_autogen",
	"CMAKE_BINARY_DIR" : "C:/Users/home/CLionProjects/L5_Teambcc/cmake-build-debug",
	"CMAKE_CURRENT_BINARY_DIR" : "C:/Users/home/CLionProjects/L5_Teambcc/cmake-build-debug",
	"CMAKE_CURRENT_SOURCE_DIR" : "C:/Users/home/CLionProjects/L5_Teambcc",
	"CMAKE_EXECUTABLE" : "C:/Program Files/JetBrains/CLion 2022.3.2/bin/cmake/win/x64/bin/cmake.exe",
	"CMAKE_LIST_FILES" : 
	[
		"C:/Users/home/CLionProjects/L5_Teambcc/CMakeLists.txt",
		"C:/Users/home/CLionProjects/L5_Teambcc/cmake-build-debug/CMakeFiles/3.24.2/CMakeSystem.cmake",
		"C:/Program Files/JetBrains/CLion 2022.3.2/bin/cmake/win/x64/share/cmake-3.24/Modules/CMakeSystemSpecificInitialize.cmake",
		"C:/Users/home/CLionProjects/L5_Teambcc/cmake-build-debug/CMakeFiles/3.24.2/CMakeCCompiler.cmake",
		"C:/Users/home/CLionProjects/L5_Teambcc/cmake-build-debug/CMakeFiles/3.24.2/CMakeCXXCompiler.cmake",
		"C:/Program Files/JetBrains/CLion 2022.3.2/bin/cmake/win/x64/share/cmake-3.24/Modules/CMakeSystemSpecificInformation.cmake",
		"C:/Program Files/JetBrains/CLion 2022.3.2/bin/cmake/win/x64/share/cmake-3.24/Modules/CMakeGenericSystem.cmake",
		"C:/Program Files/JetBrains/CLion 2022.3.2/bin/cmake/win/x64/share/cmake-3.24/Modules/CMakeInitializeConfigs.cmake",
		"C:/Program Files/JetBrains/CLion 2022.3.2/bin/cmake/win/x64/share/cmake-3.24/Modules/Platform/Windows.cmake",
		"C:/Program Files/JetBrains/CLion 2022.3.2/bin/cmake/win/x64/share/cmake-3.24/Modules/Platform/WindowsPaths.cmake",
		"C:/Program Files/JetBrains/CLion 2022.3.2/bin/cmake/win/x64/share/cmake-3.24/Modules/CMakeCInformation.cmake",
		"C:/Program Files/JetBrains/CLion 2022.3.2/bin/cmake/win/x64/share/cmake-3.24/Modules/CMakeLanguageInformation.cmake",
		"C:/Program Files/JetBrains/CLion 2022.3.2/bin/cmake/win/x64/share/cmake-3.24/Modules/Compiler/GNU-C.cmake",
		"C:/Program Files/JetBrains/CLion 2022.3.2/bin/cmake/win/x64/share/cmake-3.24/Modules/Compiler/GNU.cmake",
		"C:/Program Files/JetBrains/CLion 2022.3.2/bin/cmake/win/x64/share/cmake-3.24/Modules/Compiler/CMakeCommonCompilerMacros.cmake",
		"C:/Program Files/JetBrains/CLion 2022.3.2/bin/cmake/win/x64/share/cmake-3.24/Modules/Platform/Windows-GNU-C.cmake",
		"C:/Program Files/JetBrains/CLion 2022.3.2/bin/cmake/win/x64/share/cmake-3.24/Modules/Platform/Windows-GNU.cmake",
		"C:/Users/home/CLionProjects/L5_Teambcc/cmake-build-debug/CMakeFiles/3.24.2/CMakeRCCompiler.cmake",
		"C:/Program Files/JetBrains/CLion 2022.3.2/bin/cmake/win/x64/share/cmake-3.24/Modules/CMakeRCInformation.cmake",
		"C:/Program Files/JetBrains/CLion 2022.3.2/bin/cmake/win/x64/share/cmake-3.24/Modules/Platform/Windows-windres.cmake",
		"C:/Program Files/JetBrains/CLion 2022.3.2/bin/cmake/win/x64/share/cmake-3.24/Modules/Platform/Windows-GNU-C-ABI.cmake",
		"C:/Program Files/JetBrains/CLion 2022.3.2/bin/cmake/win/x64/share/cmake-3.24/Modules/CMakeCommonLanguageInclude.cmake",
		"C:/Program Files/JetBrains/CLion 2022.3.2/bin/cmake/win/x64/share/cmake-3.24/Modules/CMakeCXXInformation.cmake",
		"C:/Program Files/JetBrains/CLion 2022.3.2/bin/cmake/win/x64/share/cmake-3.24/Modules/CMakeLanguageInformation.cmake",
		"C:/Program Files/JetBrains/CLion 2022.3.2/bin/cmake/win/x64/share/cmake-3.24/Modules/Compiler/GNU-CXX.cmake",
		"C:/Program Files/JetBrains/CLion 2022.3.2/bin/cmake/win/x64/share/cmake-3.24/Modules/Compiler/GNU.cmake",
		"C:/Program Files/JetBrains/CLion 2022.3.2/bin/cmake/win/x64/share/cmake-3.24/Modules/Platform/Windows-GNU-CXX.cmake",
		"C:/Program Files/JetBrains/CLion 2022.3.2/bin/cmake/win/x64/share/cmake-3.24/Modules/Platform/Windows-GNU.cmake",
		"C:/Program Files/JetBrains/CLion 2022.3.2/bin/cmake/win/x64/share/cmake-3.24/Modules/Platform/Windows-GNU-CXX-ABI.cmake",
		"C:/Program Files/JetBrains/CLion 2022.3.2/bin/cmake/win/x64/share/cmake-3.24/Modules/CMakeCommonLanguageInclude.cmake",
		"C:/QTCreator/5.15.2/mingw81_64/lib/cmake/Qt5/Qt5ConfigVersion.cmake",
		"C:/QTCreator/5.15.2/mingw81_64/lib/cmake/Qt5/Qt5Config.cmake",
		"C:/QTCreator/5.15.2/mingw81_64/lib/cmake/Qt5/Qt5ModuleLocation.cmake",
		"C:/QTCreator/5.15.2/mingw81_64/lib/cmake/Qt5Widgets/Qt5WidgetsConfigVersion.cmake",
		"C:/QTCreator/5.15.2/mingw81_64/lib/cmake/Qt5Widgets/Qt5WidgetsConfig.cmake",
		"C:/QTCreator/5.15.2/mingw81_64/lib/cmake/Qt5Gui/Qt5GuiConfigVersion.cmake",
		"C:/QTCreator/5.15.2/mingw81_64/lib/cmake/Qt5Gui/Qt5GuiConfig.cmake",
		"C:/QTCreator/5.15.2/mingw81_64/lib/cmake/Qt5Core/Qt5CoreConfigVersion.cmake",
		"C:/QTCreator/5.15.2/mingw81_64/lib/cmake/Qt5Core/Qt5CoreConfig.cmake",
		"C:/QTCreator/5.15.2/mingw81_64/lib/cmake/Qt5Core/Qt5CoreConfigExtras.cmake",
		"C:/QTCreator/5.15.2/mingw81_64/lib/cmake/Qt5Core/Qt5CoreConfigExtrasMkspecDir.cmake",
		"C:/QTCreator/5.15.2/mingw81_64/lib/cmake/Qt5Core/Qt5CoreMacros.cmake",
		"C:/Program Files/JetBrains/CLion 2022.3.2/bin/cmake/win/x64/share/cmake-3.24/Modules/CMakeParseArguments.cmake",
		"C:/QTCreator/5.15.2/mingw81_64/lib/cmake/Qt5Gui/Qt5Gui_QGifPlugin.cmake",
		"C:/QTCreator/5.15.2/mingw81_64/lib/cmake/Qt5Gui/Qt5Gui_QICNSPlugin.cmake",
		"C:/QTCreator/5.15.2/mingw81_64/lib/cmake/Qt5Gui/Qt5Gui_QICOPlugin.cmake",
		"C:/QTCreator/5.15.2/mingw81_64/lib/cmake/Qt5Gui/Qt5Gui_QJpegPlugin.cmake",
		"C:/QTCreator/5.15.2/mingw81_64/lib/cmake/Qt5Gui/Qt5Gui_QMinimalIntegrationPlugin.cmake",
		"C:/QTCreator/5.15.2/mingw81_64/lib/cmake/Qt5Gui/Qt5Gui_QOffscreenIntegrationPlugin.cmake",
		"C:/QTCreator/5.15.2/mingw81_64/lib/cmake/Qt5Gui/Qt5Gui_QSvgIconPlugin.cmake",
		"C:/QTCreator/5.15.2/mingw81_64/lib/cmake/Qt5Gui/Qt5Gui_QSvgPlugin.cmake",
		"C:/QTCreator/5.15.2/mingw81_64/lib/cmake/Qt5Gui/Qt5Gui_QTgaPlugin.cmake",
		"C:/QTCreator/5.15.2/mingw81_64/lib/cmake/Qt5Gui/Qt5Gui_QTiffPlugin.cmake",
		"C:/QTCreator/5.15.2/mingw81_64/lib/cmake/Qt5Gui/Qt5Gui_QTuioTouchPlugin.cmake",
		"C:/QTCreator/5.15.2/mingw81_64/lib/cmake/Qt5Gui/Qt5Gui_QWbmpPlugin.cmake",
		"C:/QTCreator/5.15.2/mingw81_64/lib/cmake/Qt5Gui/Qt5Gui_QWebpPlugin.cmake",
		"C:/QTCreator/5.15.2/mingw81_64/lib/cmake/Qt5Gui/Qt5Gui_QWindowsDirect2DIntegrationPlugin.cmake",
		"C:/QTCreator/5.15.2/mingw81_64/lib/cmake/Qt5Gui/Qt5Gui_QWindowsIntegrationPlugin.cmake",
		"C:/QTCreator/5.15.2/mingw81_64/lib/cmake/Qt5Gui/Qt5Gui_QXdgDesktopPortalThemePlugin.cmake",
		"C:/QTCreator/5.15.2/mingw81_64/lib/cmake/Qt5Gui/Qt5GuiConfigExtras.cmake",
		"C:/QTCreator/5.15.2/mingw81_64/lib/cmake/Qt5Widgets/Qt5Widgets_QWindowsVistaStylePlugin.cmake",
		"C:/QTCreator/5.15.2/mingw81_64/lib/cmake/Qt5Widgets/Qt5WidgetsConfigExtras.cmake",
		"C:/QTCreator/5.15.2/mingw81_64/lib/cmake/Qt5Widgets/Qt5WidgetsMacros.cmake",
		"C:/Program Files/JetBrains/CLion 2022.3.2/bin/cmake/win/x64/share/cmake-3.24/Modules/CMakeParseArguments.cmake"
	],
	"CMAKE_SOURCE_DIR" : "C:/Users/home/CLionProjects/L5_Teambcc",
	"DEP_FILE" : "C:/Users/home/CLionProjects/L5_Teambcc/cmake-build-debug/L5_Teambcc_autogen/deps",
	"DEP_FILE_RULE_NAME" : "L5_Teambcc_autogen/timestamp",
	"HEADERS" : 
	[
		[
			"C:/Users/home/CLionProjects/L5_Teambcc/CSV_Repository.h",
			"MU",
			"EWIEGA46WW/moc_CSV_Repository.cpp",
			null
		],
		[
			"C:/Users/home/CLionProjects/L5_Teambcc/Controller.h",
			"MU",
			"EWIEGA46WW/moc_Controller.cpp",
			null
		],
		[
			"C:/Users/home/CLionProjects/L5_Teambcc/Domain.h",
			"MU",
			"EWIEGA46WW/moc_Domain.cpp",
			null
		],
		[
			"C:/Users/home/CLionProjects/L5_Teambcc/Electric_Scooter_Gui.h",
			"MU",
			"EWIEGA46WW/moc_Electric_Scooter_Gui.cpp",
			null
		],
		[
			"C:/Users/home/CLionProjects/L5_Teambcc/Electric_Scooter_details_dialog.h",
			"MU",
			"EWIEGA46WW/moc_Electric_Scooter_details_dialog.cpp",
			null
		],
		[
			"C:/Users/home/CLionProjects/L5_Teambcc/InMemory_Repository.h",
			"MU",
			"EWIEGA46WW/moc_InMemory_Repository.cpp",
			null
		],
		[
			"C:/Users/home/CLionProjects/L5_Teambcc/Repository.h",
			"MU",
			"EWIEGA46WW/moc_Repository.cpp",
			null
		],
		[
			"C:/Users/home/CLionProjects/L5_Teambcc/Tests.h",
			"MU",
			"EWIEGA46WW/moc_Tests.cpp",
			null
		],
		[
			"C:/Users/home/CLionProjects/L5_Teambcc/UI.h",
			"MU",
			"EWIEGA46WW/moc_UI.cpp",
			null
		]
	],
	"HEADER_EXTENSIONS" : [ "h", "hh", "h++", "hm", "hpp", "hxx", "in", "txx" ],
	"INCLUDE_DIR" : "C:/Users/home/CLionProjects/L5_Teambcc/cmake-build-debug/L5_Teambcc_autogen/include",
	"MOC_COMPILATION_FILE" : "C:/Users/home/CLionProjects/L5_Teambcc/cmake-build-debug/L5_Teambcc_autogen/mocs_compilation.cpp",
	"MOC_DEFINITIONS" : [ "QT_CORE_LIB", "QT_GUI_LIB", "QT_WIDGETS_LIB" ],
	"MOC_DEPEND_FILTERS" : 
	[
		[
			"Q_PLUGIN_METADATA",
			"[\n][ \t]*Q_PLUGIN_METADATA[ \t]*\\([^\\)]*FILE[ \t]*\"([^\"]+)\""
		]
	],
	"MOC_INCLUDES" : 
	[
		"C:/Users/home/CLionProjects/L5_Teambcc",
		"C:/QTCreator/5.15.2/mingw81_64/include",
		"C:/QTCreator/5.15.2/mingw81_64/include/QtWidgets",
		"C:/QTCreator/5.15.2/mingw81_64/include/QtGui",
		"C:/QTCreator/5.15.2/mingw81_64/include/QtANGLE",
		"C:/QTCreator/5.15.2/mingw81_64/include/QtCore",
		"C:/QTCreator/5.15.2/mingw81_64/mkspecs/win32-g++",
		"C:/Program Files/JetBrains/CLion 2022.3.2/bin/mingw/lib/gcc/x86_64-w64-mingw32/11.2.0/include/c++",
		"C:/Program Files/JetBrains/CLion 2022.3.2/bin/mingw/lib/gcc/x86_64-w64-mingw32/11.2.0/include/c++/x86_64-w64-mingw32",
		"C:/Program Files/JetBrains/CLion 2022.3.2/bin/mingw/lib/gcc/x86_64-w64-mingw32/11.2.0/include/c++/backward",
		"C:/Program Files/JetBrains/CLion 2022.3.2/bin/mingw/lib/gcc/x86_64-w64-mingw32/11.2.0/include",
		"C:/Program Files/JetBrains/CLion 2022.3.2/bin/mingw/include",
		"C:/Program Files/JetBrains/CLion 2022.3.2/bin/mingw/lib/gcc/x86_64-w64-mingw32/11.2.0/include-fixed",
		"C:/Program Files/JetBrains/CLion 2022.3.2/bin/mingw/x86_64-w64-mingw32/include"
	],
	"MOC_MACRO_NAMES" : [ "Q_OBJECT", "Q_GADGET", "Q_NAMESPACE", "Q_NAMESPACE_EXPORT" ],
	"MOC_OPTIONS" : [],
	"MOC_PATH_PREFIX" : false,
	"MOC_PREDEFS_CMD" : 
	[
		"C:/Program Files/JetBrains/CLion 2022.3.2/bin/mingw/bin/g++.exe",
		"-dM",
		"-E",
		"-c",
		"C:/Program Files/JetBrains/CLion 2022.3.2/bin/cmake/win/x64/share/cmake-3.24/Modules/CMakeCXXCompilerABI.cpp"
	],
	"MOC_PREDEFS_FILE" : "C:/Users/home/CLionProjects/L5_Teambcc/cmake-build-debug/L5_Teambcc_autogen/moc_predefs.h",
	"MOC_RELAXED_MODE" : false,
	"MOC_SKIP" : [],
	"MULTI_CONFIG" : false,
	"PARALLEL" : 8,
	"PARSE_CACHE_FILE" : "C:/Users/home/CLionProjects/L5_Teambcc/cmake-build-debug/CMakeFiles/L5_Teambcc_autogen.dir/ParseCache.txt",
	"QT_MOC_EXECUTABLE" : "C:/QTCreator/5.15.2/mingw81_64/bin/moc.exe",
	"QT_UIC_EXECUTABLE" : "C:/QTCreator/5.15.2/mingw81_64/bin/uic.exe",
	"QT_VERSION_MAJOR" : 5,
	"QT_VERSION_MINOR" : 15,
	"SETTINGS_FILE" : "C:/Users/home/CLionProjects/L5_Teambcc/cmake-build-debug/CMakeFiles/L5_Teambcc_autogen.dir/AutogenUsed.txt",
	"SOURCES" : 
	[
		[
			"C:/Users/home/CLionProjects/L5_Teambcc/CSV_Repository.cpp",
			"MU",
			null
		],
		[ "C:/Users/home/CLionProjects/L5_Teambcc/Controller.cpp", "MU", null ],
		[ "C:/Users/home/CLionProjects/L5_Teambcc/Domain.cpp", "MU", null ],
		[
			"C:/Users/home/CLionProjects/L5_Teambcc/Electric_Scooter_details_dialog.cpp",
			"MU",
			null
		],
		[
			"C:/Users/home/CLionProjects/L5_Teambcc/Electric_scooter_Gui.cpp",
			"MU",
			null
		],
		[
			"C:/Users/home/CLionProjects/L5_Teambcc/InMemory_Repository.cpp",
			"MU",
			null
		],
		[ "C:/Users/home/CLionProjects/L5_Teambcc/Tests.cpp", "MU", null ],
		[ "C:/Users/home/CLionProjects/L5_Teambcc/UI.cpp", "MU", null ],
		[ "C:/Users/home/CLionProjects/L5_Teambcc/main.cpp", "MU", null ]
	],
	"UIC_OPTIONS" : [],
	"UIC_SEARCH_PATHS" : [],
	"UIC_SKIP" : [],
	"UIC_UI_FILES" : [],
	"VERBOSITY" : 0
}
